helpful,name,postDate,reviewBody,reviewTitle,starRating,verifiedPurchase
12 people found this helpful,Kharan,"Reviewed in the United States on September 18, 2017","It does what it's supposed to - it cuts three stops of light. The threads, although aluminum, are good, and screw in the easiest from all my filters (B+W, Hoya and Tiffen). It does add a cool cast to images, though, and one that I'm not at all pleased with. It's correctable, but not easily so - it cuts different channels in different amounts, and it can be a PITA to adjust in post, especially for video. It also flares quite a bit, despite being coated.All in all, I prefer the cast of my B+W filter, which gives a warm tint (also difficult to correct, but much easier to live with).",Has a complex to remove blue cast,3.0 out of 5 stars,Verified Purchase
10 people found this helpful,Sir Carl Jr.,"Reviewed in the United States on August 2, 2016","Pros:- Long lasting: I have been using them in and off for the past 3 years and they are still going strong.- Flexibility: 77mm is the filter size of the widely used Canon 24-105L and most all of the other lenses save the 24-70L II are smaller, so you can use this with step up rings.- Color: They have not distorted colors nearly as bad as other cheap NDâ€™s I have used have.Cons:- They cause vingetteing at 24mm because they are not the super thin ones, but thatâ€™s obvious so more annoyed at myself than these filters.Absolutely great quality. This filter feels sturdy and they are sturdy. Neutral density filters are filters that EVERY photographer should have in their bag! I have taken some amazing photos with it. I highly recommend this filter for those needing an ND.I also have many filter thread step ups so I have used it with multiple different Canon, Tamron and Tokina lenses on my Canon 5d and my Canon70d.",Very good build quality for the price.,5.0 out of 5 stars,Verified Purchase
7 people found this helpful,Carlgo,"Reviewed in the United States on August 30, 2018","For those who wonder, even after hours of searching, whether a .9 ND filter is appropriate for a 1.2 lens, the answer is yes. 3 stops does it (that is from an aperture of 1.2 to 2.8, the point where the 1.2 can actually be used in bright daylight).A 1.2 simply cannot be used as intended during the day, wide open which is its purpose in life and why people buy such things. I found this out when my new 1.2 arrived and I excitedly went outside to test it...fail! Had to order this and wait a couple of days. Is just great and opens up some new image options for me.It arrived clean and seemingly well made. The hood screwed right into it.BTW, a Voightlander 40mm 1.2 takes a 58mm filter.",Makes a 1.2 lens actually useable!,5.0 out of 5 stars,Verified Purchase
11 people found this helpful,AH,"Reviewed in the United States on August 7, 2017","It works fine for its intended purpose. It does produce a very green cast in photos therefore I have to correct in post production. I think 3 stop is a versatile filter but if you are looking to do extremely low shutter speed on a sunny day, it will not be enough.",Good for the Price.,4.0 out of 5 stars,Verified Purchase
2 people found this helpful,Bookfan,"Reviewed in the United States on January 21, 2020","Great at cutting light by 3 stops. However, I do a lot of portrait/beauty work and I found there is a significant, complex color shift. See image (left is without the filter, right is with the filter). I don't mind adjusting the white balance manually but I'd much prefer if there was no color shift at all. It is all coming from the filter.Furthermore, in Lightroom, correcting one color (grey) changes the color of a different hue (green). Meaning the shift in color is not a simple correction.",See color shift,2.0 out of 5 stars,Verified Purchase
7 people found this helpful,emass24,"Reviewed in the United States on August 21, 2017",This filter is very durable and does a great job darkening the light through the lens. It twists on and off easy and has threads on the front to thread on another filter too. I got a killer waterfall shot by using this!,So great that I bought a second one!,5.0 out of 5 stars,Verified Purchase
4 people found this helpful,Ron,"Reviewed in the United States on May 17, 2017","There are people far more articulate than I to get the technical details from, but from a real world perspective, it has allowed me to set my apertures wide open at mid-day to get long exposures. Whatever color casts it may have are super easy to correct in post, particularly if you shoot a white balance card with your set. I didn't notice any sharpness loss and have no problem putting this filter in front of thousands of dollars in glass.",Worth the buy!,5.0 out of 5 stars,Verified Purchase
12 people found this helpful,TE,"Reviewed in the United States on February 6, 2021","I'm not a professional photographer and really do not have a way to compare this to more expensive ND filters. Regardless, I've used this ND filter multiple times to do long exposure shots and seems to work pretty well. Depending on the light there is a bluish hue that can be fixed with photosoftware. There are threads in front so you can attach to ND filters together which is nice. Overall I'm happy with the quality and it works for me now. Maybe when I learn more about photography I will upgrade, but for now this works well.",Works for what it is intended to do,4.0 out of 5 stars,Verified Purchase
One person found this helpful,JDT75,"Reviewed in the United States on August 11, 2013","Purchased this for the main purpose of getting those silky smooth water shots. It will reduce the amount of light entering your lens but is not dark enough to get that really slow shutter speed under bright light conditions. Even with the ISO turned down to the slowest setting and the f-stop at the slowest (f-22 or so) you might not be able to get what you are looking for. When shooting under overcast sky or near dusk this works pretty well. If you are looking for really slow shutter, with the ability to control your depth of field I would suggest stacking more than one.Unless you are looking for graduated ND filters I would suggest this over the square slide ins as this doesn't allow light to reflect off the back side of the glass (or plastic in cheaper models).At this price I would suggest getting this along with at least one more of the same or a lower density to allow for more flexibility.Overall highly recommended for those wanting to get creative with their photography and do stuff you just can do in PS.",Dreamy waterscapes,5.0 out of 5 stars,Verified Purchase
2 people found this helpful,kwin91,"Reviewed in the United States on May 21, 2020","I received an empty filter box. Not only did they forget to put a filter in the product box, but upon return of the item, I only received 80% of what I paid because of a mistake on their part. Will not order through them again.",Forgot product,1.0 out of 5 stars,Verified Purchase
3 people found this helpful,M D,"Reviewed in the United States on August 6, 2013","I actually purchased this not for taking waterfalls photographs, but because I wanted to get some really nice depth of field during the day while shooting video. I've been using my SONY NEX7 a lot lately for video, which by the way is a great great camera, I cant say good enough things about. But during the day I was at around f22 and wasn't able to get those super nice depth of field cinematic shots. This allowed me to bring my aperture down to around f5-7 which is great. I imagine if I wanted to get even more depth I could purchase a .6 or .3 and stack the lenses to get down to a 2.8 or so, but for now this thing does the trick. I did contemplate buying a variable ND filter, however in the past I've had weird zebra-ing effects, and crosses through the image. I didn't want to mess with that this time and just decided to go with a fixed filter.",Perfect for SONY NEX7 Video,5.0 out of 5 stars,Verified Purchase
2 people found this helpful,Spoon,"Reviewed in the United States on September 5, 2017","Your basic neutral density filter, this one designed to reduce light by three stops. Threads onto my lens fine. Color rendition seems to be pretty good, both in the camera and on the computer screen. I have found Tiffen filters to be a good choice for price vs. performance and this one does not disappoint.",A Good Neutral Density Filter,5.0 out of 5 stars,Verified Purchase
One person found this helpful,Krimes,"Reviewed in the United States on February 24, 2021",My Sigma Art 18-35mm was far too bright in the more open apertures and I was almost unable to film in full day light unless heavily stopped down. This filter allowed me to shoot in day light in any setting. Definitely important.,Needed for day time GH5S Use,5.0 out of 5 stars,Verified Purchase
2 people found this helpful,Leah B Geates,"Reviewed in the United States on October 25, 2018",I am an amateur photographer. I use this on my Sony A6000 camera. I have been on several hiking trips where the sun has been shinning too brightly on the water of various creeks and waterfalls for me to slow my shutter speed down enough to capture that silky water look. I simply attach this filter and I am good to go. I love how my pictures turn out using this.,What would I do without it?,5.0 out of 5 stars,Verified Purchase
3 people found this helpful,Android82,"Reviewed in the United States on August 14, 2017","A really nice filter that produces some amazing results. I recently used it to photograph some waterfalls in the Upper Peninsula of Michigan and I was beyond happy. I would just say to do your research and really understand the different variants in shading when it comes to neutral density filters. It's a little cheaper in quality to say B+W filters, however, it did what I needed it to do and gave me some really nice long exposure shots of moving water.",A really nice filter that produces some amazing results,4.0 out of 5 stars,Verified Purchase
2 people found this helpful,DE,"Reviewed in the United States on February 3, 2014","I use it nearly all the time - especially during exterior shoots. It allows me to use a wider aperture and also capture the details that would otherwise be lost in the highlights. And I can maintain a shallow depth of field. You can certainly spend more on an ND filter, but I'm not certain that you would be gaining much. I review my photo and video work on a 24"" HP back lit monitor with 1920 x 1200 resolution, Nvidia Quadro 4000 video card and 12 core Xeon processor and see no color aberrations or other problems caused by the filter. The ND brings up the colors nicely, putting the blue back into the sky on a bright sunny day. This filter works well and the price is right.",I use it nearly all the time!,5.0 out of 5 stars,Verified Purchase
One person found this helpful,Sharbeen,"Reviewed in the United States on September 7, 2013","Yes this is a lovely produce for the price. Good solid piece of glass and ring. But one that disappointed me to give 1 star less. Quality Control for this product is awful. When I took it off from the box it had lot of dust and smudges. Seeing that I couldn't believe this is ""Made in USA"". That was rather disappointing though after using a micro fiber cloth it was good. I would recommend this to anyone looking for a decent pocket friendly ND filter. I use it for my 24-85mm kit lens of Nikon D600 to get good smooth water surface. But note this is not ideal for getting slow shutter to capture smooth water fall/flow since it's only ND 8. But ideal to shoot good depth of field during bright light. Please Tiffen improve your quality control",Good enough ND 0.8 for the price,4.0 out of 5 stars,Verified Purchase
One person found this helpful,HH,"Reviewed in the United States on July 29, 2018","So far it hasworked exactly as advertised. On a brilliant day at the beach, with my camera set at ASA 100, f-stop at 32, I was able to shoot at 2.5 seconds. The quality appears very good. I have used Tiffen filters in the past and they have given very good service for many years.",On a brilliant day at the beach,5.0 out of 5 stars,Verified Purchase
One person found this helpful,chad,"Reviewed in the United States on March 11, 2015",First off this is not Multi coated glass. This is the best bang for your buck filter it will do everything you wont to do Now i will tell you right now you need to carry some type of liquid lens cleaner and lens cloth.In case you touch the glass it will leave your fingerprints on it. use a rocket blower first to blow off dust so you wont scratch it then spray it and polish it then use it .i have no regrets in buying this at all if you are on a budget and need a ND filter stop looking you have found it,Amazing filter for the price,4.0 out of 5 stars,Verified Purchase
6 people found this helpful,Matthew,"Reviewed in the United States on June 4, 2020",Great Quality - Great Value. Im never bothered by degrigation in quality when this is on the end of even the most expensive of my G Master Lenses.,Great Quality - Great Value,5.0 out of 5 stars,Verified Purchase
One person found this helpful,Cheryl Perkins,"Reviewed in the United States on October 19, 2020",This is exactly what the product description said it is: a neutral density filter. It works great for use on my Nikkor 10-20mm wide angle lens while shooting waterfalls.,Usual Tiffen standards.,4.0 out of 5 stars,Verified Purchase
One person found this helpful,xayekim,"Reviewed in the United States on October 26, 2016","This filter has worked out great for me. I have only taken it out once and had no real issues and it performed as expected. I experienced NO excess color splash or blurred corners as some users of similar products experience.It did fine on my 24-105 lens and no issues with attaching it to etc.The key to using these filters is to compose your shot first by focusing without the filter then setting it to manual, then attaching the filter and shooting. But the reality is you can still see clearly enough with this filter as this I believe is 2-3 stops down so its not that crazy when it comes to the stop ratio if you are shooting a brightly lit area.Overall I am very pleased with the purchase and will probably seek out Tiffen for my filter needs.",This filter has worked out great for me,5.0 out of 5 stars,Verified Purchase
One person found this helpful,Lem,"Reviewed in the United States on September 19, 2017",Works really good. I dont see much quality degradation or anything like that.It works as its supposed to by reducing the light entering the camera. I currently use it with my sony a6500 while shooting videos and im really pleased.,Worth the investment,5.0 out of 5 stars,Verified Purchase
One person found this helpful,rig,"Reviewed in the United States on January 16, 2020",I absolutely love this filter. I had read that it had a minor tint but the footage looks so much better that way actually. I dont take it out of my lens unless the light doesnt permit me to shoot with it. I love it!,Recommended,5.0 out of 5 stars,Verified Purchase
2 people found this helpful,MFiat,"Reviewed in the United States on April 2, 2019",Tiffin is the best and there not to expensive. If your new to photography or video you need ND filters. I like ND like these as glass is very high quality and these are better than a veritable Ndâ€™s as with those you loose too much contrast.,Tiffin filters are the best,5.0 out of 5 stars,Verified Purchase
5 people found this helpful,Dr. Patricia J,"Reviewed in the United States on April 10, 2020",Reasonable priced good filter is doing the job,Ok for the price,5.0 out of 5 stars,Verified Purchase
One person found this helpful,TT,"Reviewed in the United States on July 5, 2016",I would have given it a 3.5 star if it was possible as I gave hoya ND filter 4 starts. I have a 58 mm filter and for the price I guess I shouldn't complain. In my opinion image quality does suffer a bit with this filter but not a lot. Good buy for the price. If you want a good filter than be ready do pay more than this.,Good buy for the price,4.0 out of 5 stars,Verified Purchase
One person found this helpful,James Edwards,"Reviewed in the United States on January 12, 2021",used to stop glare.,makes bright objects appear dark.,5.0 out of 5 stars,Verified Purchase
2 people found this helpful,ShirtGuy,"Reviewed in the United States on October 31, 2013","I am a professional film maker and have a kit of Canon L primes that I have used on everything from DSLRs to Red Epics. ND filters such as these are indispensable. However, some ND filters will give a red color cast due to the disproportionate IR spectrum they are not filtering out. These inexpensive Tiffens seem to filter the spectrum well. Better than some of the higher end filters I have in my kit.",Good color balance for DSLR film making.,4.0 out of 5 stars,Verified Purchase
One person found this helpful,Timothy John Garcia,"Reviewed in the United States on December 5, 2013","I bought this for video work. I find that a lot of the issues some other people point out for this is easily adjustable on post.Starting a photography hobby? Get this. Experience how to use these tools, don't get caught up with IQ and exercise your technical ability, composition.Buy expensive alternatives that will save you post-processing time when you start making $$$ on this hobby.","Inexpensive, effective alternative.",4.0 out of 5 stars,Verified Purchase
One person found this helpful,Mike P,"Reviewed in the United States on July 25, 2019","Ordered a 9-ND filter anticipating it to be super dark as they're supposed to be, what came in the box was a clear filter. Makes no sense and very upset",Clear lens,1.0 out of 5 stars,Verified Purchase
2 people found this helpful,Geoff Phillips,"Reviewed in the United States on November 21, 2011","How did I ever live without this?? If you don't own one, how are you living right now? It must be tough!I love fast lenses. My favorite is an old 50 1.4. That's a beautiful lens, so long as it's not particularly bright outside. What's the fun in stopping down a 1.4?Using this filter I'm able to shoot at 1.4 in even the brightest conditions. It does seem to warm the colors a bit, but we're all shooting raw (right?) so that's no big deal.If you have a fast 50 and don't own this filter, you're just doing it wrong. Order this now. Seriously. You'll be doing yourself a favor. It's only $16 and you'll get photos in the daylight that nobody else can.It also makes your 1.4 useable with off camera flash (set to low power), virtually impossible without the filter.Only one concern with this filter, I've used it in some fairly extreme conditions and come home to find that the retaining ring on the front side of the glass does wiggle loose on occasion. You'll feel/hear it rattling a bit before anything bad happens. There are two indentations in the ring, just use your fingernail to tighten it down. No biggie.Quit reading, click buy!",Why don't you own this yet?,5.0 out of 5 stars,Verified Purchase
One person found this helpful,E46,"Reviewed in the United States on July 17, 2018","Tiffen filters use high quality glass. This filter did not disappoint. Also, much cheaper than I had expected.",Great filter for your 58mm lens.,5.0 out of 5 stars,Verified Purchase
2 people found this helpful,Missourimedic,"Reviewed in the United States on August 7, 2013","I'm very satisfied with the quality of this ND filter. I suggest that you buy a couple of them so you can stack them.I really don't have much to say, aside from the fact that it works great and was quite affordable. IMHO it's a ""must-have,"" for any serious photographer. (Again, you'll probably want a couple of them.)",Excellent ND filter for the price,5.0 out of 5 stars,Verified Purchase
One person found this helpful,Sisko923,"Reviewed in the United States on January 2, 2015",I love Tiffen filters! My lenses are manual focus K-Mount Pentax lenses and this filter fit most of them. Great for blocking out a little the harsh sun where I live and also getting some great long exposure shots. Affordable and effective.,I love Tiffen filters,5.0 out of 5 stars,Verified Purchase
One person found this helpful,Sai Saelee,"Reviewed in the United States on March 12, 2013",This is a great filter and for the money it is hard to beat. I have the 77mm version of this filter and use it all the time. I bought this for my Nikon 35mm f/2D lens. I haven't noticed any lost in sharpness with this filter. It does add a brownish/blue tint to the image but it can be easily fixed in photoshoop.,Excellent filter for the money.,5.0 out of 5 stars,Verified Purchase
52 people found this helpful,Amazon Customer,"Reviewed in the United States on April 12, 2014",Nothing more frustrating than being on location and discovering even at ISO 100 you cannot stop down enough to get max depth of field (too much light).I bought a pair of these and use them single or stacked to reduce light for that added depth of field.,When you need depth of field,5.0 out of 5 stars,Verified Purchase
One person found this helpful,Randy G.,"Reviewed in the United States on July 7, 2018",Tiffen filters offer decent quality at a fair price. This is no exception.,Five Stars,5.0 out of 5 stars,Verified Purchase
One person found this helpful,CaffeinatedCajun,"Reviewed in the United States on July 30, 2015","This thing is pretty dark. I got it just for giggles, and I haven't found a real reason to use it yet but It's pictures look clean and no color or artifact issues. It's a good price for a good filter, so I wouldn't hesitate to buy it again.",This thing is pretty dark. I got it just for giggles,5.0 out of 5 stars,Verified Purchase
One person found this helpful,VicMeg,"Reviewed in the United States on July 14, 2016",Really a quality ND filter. I'd recommend purchasing a set of fixed ND filters over the adjustable kind for any sort of pro video work as those can add some undesirable side effects.,I'd recommend purchasing a set of fixed ND filters over the ...,5.0 out of 5 stars,Verified Purchase
2 people found this helpful,RichiPhoto,"Reviewed in the United States on January 16, 2014","This is a good ND filter. This is not full 10 stop filter but does the job. Came in OEM box but the filter had few finger prints on it - had to clean that up before the use. Fits well, light yet strong (not solid but strong) - Does the job... Took few good shots from it...",Good ND Filter,4.0 out of 5 stars,Verified Purchase
One person found this helpful,Nijatook,"Reviewed in the United States on June 22, 2019",Thanks,Thanks,5.0 out of 5 stars,Verified Purchase
3 people found this helpful,Sven,"Reviewed in the United States on March 24, 2010","You can't fault this filters quality for the price. I use B+W filters for UV and Polarizer duties and they cost many times more. Their glass and construction seems superior, but it should for their history and price. For my photographic purposes I won't use this filter as much. Nice filter that's made in the USA.",Excellent value,4.0 out of 5 stars,Verified Purchase
2 people found this helpful,bincaret,"Reviewed in the United States on April 10, 2012","Great filter, easy to use. It came in the case, I immediately took it out and put onto camera and down to the water fall. The filter was not scratched or damaged in any way. I have gotten good results with this, it works as intended. I cannot see any optical issues with the filter, so it is a great one in my book!",Great ND filter,5.0 out of 5 stars,Verified Purchase
One person found this helpful,gogolac,"Reviewed in the United States on February 1, 2013","The filter itself is very well built, the perfect amount of power it's terrific!easy to screw on and off. allowing you to take some beautiful shots, if you combine a CPL filter effects will be good.It works fine at 18mm with the Canon 18-55mm kit lens.",Great filter!,4.0 out of 5 stars,Verified Purchase
One person found this helpful,Garrett Despain,"Reviewed in the United States on January 4, 2018",Perfect touch to keep my aperture low. Fits my Lumix Vario 12-35 perfectly.,Nice piece of glass.,5.0 out of 5 stars,Verified Purchase
One person found this helpful,AV,"Reviewed in the United States on February 4, 2014",Bought this to try out some long exposures and motion blur pictures. I would definitely recommend this product to any wannabe photographers as opposed to cheap chinese ones. These are heavier and made of glass. You can feel the quality difference. And this is not overly priced as well. I am keeping this for ever.,Great product for novice photographers,5.0 out of 5 stars,Verified Purchase
One person found this helpful,Vincent Edwards,"Reviewed in the United States on November 3, 2013","Excellent value, quality build - would buy again! I didn't expect this thing to be any less than a complete POS and I'm very excited by it actually being fantastic quality. This is way better than being told by a local camera shop that these filters cost $80!",Must own for photographers,5.0 out of 5 stars,Verified Purchase
One person found this helpful,Fausto Herrera,"Reviewed in the United States on September 2, 2018",Im a first time buyer and I was very excited to receive this product. But first thing I saw when I opened it was that nasty scratch on the glass,Deep scratch on glass,1.0 out of 5 stars,Verified Purchase
One person found this helpful,mings,"Reviewed in the United States on April 27, 2019",It is defective where the glass meets the rim. The boundary of the glass is not smooth at all.,Defect glass boundary,1.0 out of 5 stars,Verified Purchase
One person found this helpful,Zurubi,"Reviewed in the United States on December 25, 2016","works nice, I use this in together with a 10 stop ND. I give it 4 starts because it's a little too thick","works fine, a tad too thick",4.0 out of 5 stars,Verified Purchase
One person found this helpful,Bruce Farrant,"Reviewed in the United States on May 11, 2015","I haven't owned a neutral density filter before. I have seen how they are supposed to make creek photos have that ""silky"" look, and this filter does just that. Thanks Tiffen.",I haven't owned a neutral density filter before. I ...,5.0 out of 5 stars,Verified Purchase
One person found this helpful,P. Larson,"Reviewed in the United States on May 21, 2017",Arrived quickly. Worked as described. Very happy with my purchase.,Very happy with my purchase,5.0 out of 5 stars,Verified Purchase
One person found this helpful,Israel Hernandez,"Reviewed in the United States on December 24, 2015","Nice to be able to use wide aperture in bright conditions, no chromatic or barrel distortion , not as dark as a 1.2 but seems more versatile",Nice to be able to use wide aperture in bright ...,5.0 out of 5 stars,Verified Purchase
One person found this helpful,Amazon Customer,"Reviewed in the United States on August 15, 2013","I used this all summer for a landscape photography class and it was very useful for getting longer exposures in bright light and bringing out color in the land, sea and sky. Very reasonably priced.",used this all summer,5.0 out of 5 stars,Verified Purchase
3 people found this helpful,JP,"Reviewed in the United States on April 13, 2017",Great ND!,Five Stars,5.0 out of 5 stars,Verified Purchase
One person found this helpful,R. Boats...,"Reviewed in the United States on December 6, 2013","Really helped improve my landscape images. I would definitely recommend this for any photographer who wants to get some dynamic colours, and I am going to purchase this filter for another lens very soon.",Good Purchase,5.0 out of 5 stars,Verified Purchase
One person found this helpful,Ganiber,"Reviewed in the United States on March 11, 2013","I am an always Photographs accessories buyer this accessories it's nice and beautiful , i have many costumers buying this game from me i sold it all i just wish they do discount for customers like me",nice,5.0 out of 5 stars,Verified Purchase
4 people found this helpful,John Fitzgerald,"Reviewed in the United States on July 4, 2017","as described good product, good seller, no issues!",5 stars,5.0 out of 5 stars,Verified Purchase
One person found this helpful,Paul,"Reviewed in the United States on November 7, 2015",I like it. Works as it should. No noticeable impact to image quality. Lets me use my F/1.2 for shallow depth of field in bright daylight,I like it...,4.0 out of 5 stars,Verified Purchase
2 people found this helpful,Picturemike,"Reviewed in the United States on July 28, 2016","Works great! nice piece of glass, not as great as my Heliopan, but not the cost either.",Good useful tool,4.0 out of 5 stars,Verified Purchase
One person found this helpful,Gregory P. Maklae,"Reviewed in the United States on April 18, 2013",Decreased shutter speed 3 stops without and noticable loss of image quality. A must have for anyone shooting waterfalls or anywhere a slow shutter speed is required.,Tiffen 0.9 ND Filter,5.0 out of 5 stars,Verified Purchase
4 people found this helpful,Warrior3735,"Reviewed in the United States on October 19, 2015",I will upgrade to a higher end product in the future. Color is off a bit (blue) and density is inconsistent on the edges.,Decent for the money,4.0 out of 5 stars,Verified Purchase
One person found this helpful,Ultracer,"Reviewed in the United States on January 27, 2015","It works as advertised, doesnt reduce image quality in anyway. However the glass can be damaged at the edge if you dun really take care of your gear","good image quality, but not so good build quality",4.0 out of 5 stars,Verified Purchase
One person found this helpful,MF,"Reviewed in the United States on January 10, 2014",I have a bagillion tiffen filters. They always work. Not much more to say here. I never had a problem with a single stiffen filter. Their quality is OK but for the money great deal.,Tiffen Filters are Great 2,5.0 out of 5 stars,Verified Purchase
One person found this helpful,Larry Adams,"Reviewed in the United States on January 3, 2019",Tiffen filters are well known for their high quality. No complaints what-so-ever.,Tiffen Neutral Density Filter,5.0 out of 5 stars,Verified Purchase
One person found this helpful,Roger Bergman,"Reviewed in the United States on June 1, 2013",I used this on a Nikon D5000 with a Tamron 10-24mm lens. the wide angle lens was perfect for a water picture. When I did not use the filter the water looked choppy. Now it is smooth,Takes the sun away and see a better image,5.0 out of 5 stars,Verified Purchase
One person found this helpful,Brian H.,"Reviewed in the United States on February 5, 2013","Works fine for me , the price is right for this item. I've only used it a few times so far but it does the trick on a bright sunny day now I can get more detail in my photos.",Can't beat the price.,5.0 out of 5 stars,Verified Purchase
One person found this helpful,Alan Q,"Reviewed in the United States on November 21, 2014","I picked up this filter so that I could shoot at wide apertures in bright daylight on my old Nikon SLRs, one of which (Nikon FM) tops out at 1/1000 shutter speed. Works like a charm!",Helps work around shutter speed limitations,5.0 out of 5 stars,Verified Purchase
One person found this helpful,maggie k,"Reviewed in the United States on September 9, 2012",The filter is the one I ordered and it works fine on my Nikkon. I will order more filters in the future since that is my husband's wonderful hobby and he enjoys it.,For Bud,5.0 out of 5 stars,Verified Purchase
One person found this helpful,MichaelMPerez Com,"Reviewed in the United States on September 22, 2012",Purchased two n/d filters (0.9 and 0.6) from Amazon.com Warehouse Deals. They cost me less than half of what I would've paid if I bought new ones. They arrived in perfect condition and work as I hope they would. Will definitely continue to purchase filters from Warehouse Deals if they arrive the way these two did. Very happy. ~MichaelMPerez.com,Works perfectly!,5.0 out of 5 stars,Verified Purchase
One person found this helpful,Scott R.,"Reviewed in the United States on May 3, 2015",Tiffen makes very nice filters for at an affordable price. I have never had a color issues with them.,Tiffen makes very nice filters for at an affordable price,5.0 out of 5 stars,Verified Purchase
One person found this helpful,hmerced,"Reviewed in the United States on July 6, 2015",I haven't noticed any image degradation so far but I have only used it twice.,Great for its price.,4.0 out of 5 stars,Verified Purchase
One person found this helpful,D Curley,"Reviewed in the United States on November 23, 2013",Significant color shift and image degradation on my 50mm f1.4. Returned it and added ANOTHER Hoya filter to my collection,You get what you pay for,3.0 out of 5 stars,Verified Purchase
One person found this helpful,David D.,"Reviewed in the United States on February 21, 2017","Worked for me, cut back the light and maintained the colors. My water over the dam picture came out looking as I wanted.","Worked for me, cut back the light and maintained ...",4.0 out of 5 stars,Verified Purchase
One person found this helpful,Craig_H,"Reviewed in the United States on August 1, 2016",Works just as advertised. Great ND filter.,Great product,4.0 out of 5 stars,Verified Purchase
One person found this helpful,Durward Ferland,"Reviewed in the United States on July 10, 2014",I use the Neutral Density filter to take waterfall pictures with my Canon T3i. Works great.,Works great.,5.0 out of 5 stars,Verified Purchase
One person found this helpful,Migtwitz,"Reviewed in the United States on January 31, 2013","if you want to make water look ""silky"", or bring out the more color and beautiful contrast on your day photos, it's a must have. I like the fact that you can screw another filter on top, to stop it down even more!",necessary for long exposures,4.0 out of 5 stars,Verified Purchase
One person found this helpful,Carlos,"Reviewed in the United States on September 19, 2019",Muy bueno el producto para su precio,Importante,4.0 out of 5 stars,Verified Purchase
2 people found this helpful,Anon,"Reviewed in the United States on March 28, 2014",,good good good,5.0 out of 5 stars,Verified Purchase
2 people found this helpful,jhancock,"Reviewed in the United States on December 31, 2013",great price and quality. I have tried some different brands ND filters before (even more expensive) and this is the best one. No sharpness or colour degradation,servicable,4.0 out of 5 stars,Verified Purchase
4 people found this helpful,Mike,"Reviewed in the United States on June 18, 2012","This review is for the 37 mm filter.I've taken a few pictures of the same scenes with and without the filter to test it.* The filter does cut the amount of light by approximately a factor of 8, which is what it should as a ND 0.9 filter. If you need more, look for a different filter, but this works as advertised.* In images of the same scene, with auto-white balance on, I notice a *very slight* yellow cast. Gimp (freeware version of Photoshop) fixes it easily, and I'm sure I could fix it by fiddling with the camera's white balance.* The filter did come a little dusty, but with no damage.* My filter is held tightly in place, but a few reviews mention it being loose. If it is, you should be able to fix it by tightening the retaining ring.I also tested it with a UV-Vis spectrophotometer. The OD is about 0.9 for most of the visible range. It is 1 at 405 nm and drops to 0.8 at 682 nm. The OD increases sharply at shorter wavelengths and decreases sharply at longer wavelengths, which explains the (again, very slight) yellow cast.","Decent filter, great for the price",4.0 out of 5 stars,Verified Purchase
3 people found this helpful,MKUltra,"Reviewed in the United States on March 22, 2014",Delivers excellent performance for a fraction of the cost of other filters. I have not noticed any loss of image quality.,Tiffen,4.0 out of 5 stars,Verified Purchase
2 people found this helpful,Pratt,"Reviewed in the United States on June 25, 2015","Not as dark as I needed, but great quality.",but great quality.,5.0 out of 5 stars,Verified Purchase
2 people found this helpful,edabq,"Reviewed in the United States on January 6, 2016",seems well made.,seems well made.,5.0 out of 5 stars,Verified Purchase
One person found this helpful,Sasa89,"Reviewed in the United States on March 22, 2018","Great filter, works great with my Nikon D3300. Finally, I can make long exposure photos.",Works great,5.0 out of 5 stars,Verified Purchase
One person found this helpful,Captain1818,"Reviewed in the United States on July 29, 2015",Works like it is suppose to....,Four Stars,4.0 out of 5 stars,Verified Purchase
One person found this helpful,Christian Ortega,"Reviewed in the United States on July 25, 2013","I use this filter when im outdoors and the sun is beaming at everything in sight. Sometimes i use two .9 filters at the same time. This allows me to go to a 1.8 aperture and get sick looking shots. For the price, it's a great buy.",Excellent,5.0 out of 5 stars,Verified Purchase
50 people found this helpful,Josie Allen,"Reviewed in the United States on February 24, 2016",Love it,Five Stars,5.0 out of 5 stars,Verified Purchase
One person found this helpful,samuel miller,"Reviewed in the United States on September 22, 2017","Good quality, Good price. I found I can only put my camera shutter on BULB for 15 to 35 second before going white. Go for a 10 stop for a longer time (2 minutes).",Only low shutter speed,5.0 out of 5 stars,Verified Purchase
2 people found this helpful,Albert Lawrence,"Reviewed in the United States on November 27, 2014","VERY GOOD, DOES THE JOB WELL!",Five Stars,5.0 out of 5 stars,Verified Purchase
2 people found this helpful,Ivan p.,"Reviewed in the United States on September 7, 2018",Not dark enough,ðŸ˜‘,4.0 out of 5 stars,Verified Purchase
2 people found this helpful,Amazon Customer,"Reviewed in the United States on August 22, 2011",I was trying to get a foggy water effect and this made a difference. Also good for the very sunny days we are having.,Good deal for the cost!,4.0 out of 5 stars,Verified Purchase
One person found this helpful,Al,"Reviewed in the United States on September 8, 2017",No Comment,Five Stars,5.0 out of 5 stars,Verified Purchase
2 people found this helpful,vl1024,"Reviewed in the United States on December 22, 2011",I purchased this filter for a Photography final project I was doing involving the use of very slow shutter speeds. I needed it to help me be able to shoot at super slow speeds while the sun was still out (evening). It helped me out a lot and I have no issues with the quality of it.,No Problems!,5.0 out of 5 stars,Verified Purchase
3 people found this helpful,bryan akers,"Reviewed in the United States on February 18, 2016","Does the job at reducing exposure time, but I was almost shocked to see how much of a color shift it has. This is anything but neutral - it's quite blue. I didn't notice it so much until I went to shoot winter landscapes. The snow was very blue on a daylight white balance. Granted, winter scenes tend to shift blue..but I'd imagine it would be a challenge to remove the blue cast from even RAW exposures.","Does the job at reducing exposure time, but I ...",3.0 out of 5 stars,Verified Purchase
7 people found this helpful,Nadine Sponsel,"Reviewed in the United States on July 15, 2013",The Neutral Density filter is really nice it is not as dark as I expected but there are more darker filters depends on what you want to do with it,:),4.0 out of 5 stars,Verified Purchase
2 people found this helpful,Non-fiction reader,"Reviewed in the United States on June 17, 2013",Good filter at a good price. Better than many of the cheap imports and made in the USA. Good value and very good performance.,Good filter at a good price.,5.0 out of 5 stars,Verified Purchase
One person found this helpful,Gal Perez,"Reviewed in the United States on September 1, 2015",Great.. fast shipping worldwide,Nice product,5.0 out of 5 stars,Verified Purchase
2 people found this helpful,B F ,"Reviewed in the United States on July 17, 2008",I've enjoyed using this for long exposure photography. It does what you'd expect. I am using it on a Nikkor 18 - 135 DX lens on a Nikon d80.,Great for long exposure photography,5.0 out of 5 stars,Verified Purchase
32 people found this helpful,Danny Swarts,"Reviewed in the United States on January 7, 2013",Just what I ordered. The Tiffen 82mm N D Filter is a great product. It will suite my needs perfectly!,Perfect,4.0 out of 5 stars,Verified Purchase
One person found this helpful,Charan,"Reviewed in the United States on September 7, 2011",This is one of the great purchases I have made. I have been using it since more than 1.5 yrs. And it always gave me gorgeous pictures. Be it waterfalls or midday sunlight it always did a wonderful job. Very satisfied.,Superb ND Filter,5.0 out of 5 stars,Verified Purchase
2 people found this helpful,LiveLaughRV,"Reviewed in the United States on September 3, 2014",A must for those sunny blue sky days.,Five Stars,5.0 out of 5 stars,Verified Purchase
29 people found this helpful,Ksmith08,"Reviewed in the United States on September 26, 2013","The filter is good quality, but it is nowhere near enough effective for what I was trying to accomplish with the filter. I realize there are different levels for these types of filters, but the .9 filter barely did anything to assist with me trying to get the blurred motion of water. I would definitely recommend getting a stronger filter that can block out more light.",Okay filter; not impressed with the filter overall,3.0 out of 5 stars,Verified Purchase
One person found this helpful,Oudom Roeung,"Reviewed in the United States on November 4, 2017",It is easy to use with general purpose.,Three Stars,3.0 out of 5 stars,Verified Purchase
One person found this helpful,Federico Krafft,"Reviewed in the United States on August 1, 2015",Excellent addition to my gear; now I can have silky water in my shoots even at noon.,Five Stars,5.0 out of 5 stars,Verified Purchase
6 people found this helpful,Enmanuel Gomez,"Reviewed in the United States on July 31, 2013","For the price you're paying for this lens filter you should have no complains as a better quality filter would cost you over $100.00. That being said, I'm happy with the filter, it does what it's supossed to do,",Good for its price,3.0 out of 5 stars,Verified Purchase
One person found this helpful,Jose Maldonado,"Reviewed in the United States on April 19, 2013",Don't think two times. Just buy it. After try and see the pics i decide to buy another to make a super slow effect of the waves on the beach.,Excelent filter at low price,5.0 out of 5 stars,Verified Purchase
93 people found this helpful,Jason Mongue,"Reviewed in the United States on November 30, 2010","I've put this filter on many Canon lenses and it's worked just fine with no perceivable loss in image quality EXCEPT on one lens.For about a week, I used this off and on a 24-105/4L IS. Near the end of the week I noticed a faint scratch/abrasion in the dead center of the filter as well as on the front element of the lens. Thus, I stopped using it (on the trip). When I returned to civilization and the land of the internet, I did some searching and found quite a few other folks (on dpreviewDOTcom) complaining about the same issue with the Tiffen filter and their 24-105/4L lens.All in all, I'd recommend this filter, but try it on all the lenses you intend to use to make sure there's some clearance between the filter and the front element.",Doesn't play well with Canon 24-105/4L IS,4.0 out of 5 stars,Verified Purchase
One person found this helpful,Sphoto,"Reviewed in the United States on September 28, 2016","Did a photoshoot with a model during mid day in full daylight and this filter was key. I have not noticed any weird colors yet. Construction seems solid, and there was no snagging on the threads when screwing on the lens. I'm a new Tiffen fan.",Great Prodcut,5.0 out of 5 stars,Verified Purchase
4 people found this helpful,triphammer,"Reviewed in the United States on June 2, 2010","A fine filter for the money. A little tricky attaching to camera lens due to the fine threads,but what filter isn't.Somewhat hard to view through the viewfinder at times as it sometimes appears awful dark to compose. I bought it for slow exposure waterfall shots and it really cuts the brighteness of the sunlit water. A good buy.",does the job,5.0 out of 5 stars,Verified Purchase
2 people found this helpful,James S.,"Reviewed in the United States on January 18, 2012","I love waterfall photography and this filter makes the smooth water technique possible, especially in direct sunlight. Cuts just enough light to allow for a long shutterspeed without cutting so much light that it's hard to compose a shot.",Super helpful,5.0 out of 5 stars,Verified Purchase
One person found this helpful,sean a.,"Reviewed in the United States on July 21, 2013","Needed for bright environments. It is priced right, works exactly as it should, and is a vital part of any camera bag.",52mm ND Filter,5.0 out of 5 stars,Verified Purchase
One person found this helpful,Thomas P.,"Reviewed in the United States on March 3, 2016",Great stuff.,Five Stars,5.0 out of 5 stars,Verified Purchase
3 people found this helpful,GeneF,"Reviewed in the United States on March 23, 2016",Good quality & works as advertised.,Great product for the cost.,5.0 out of 5 stars,Verified Purchase
3 people found this helpful,Eddie Chong,"Reviewed in the United States on January 15, 2015",Very good quality for the price.,Five Stars,5.0 out of 5 stars,Verified Purchase
27 people found this helpful,2WheelTravlr,"Reviewed in the United States on October 2, 2007","I've enjoyed using this Tiffen filter - it's a basic filter, and does what it's supposed to do without problems or hassles.","Excellent quality, good results.",4.0 out of 5 stars,Verified Purchase
One person found this helpful,dan s,"Reviewed in the United States on February 14, 2017","Good to extend shutter times, it changes my shutter speed by a a factor of 3-4125 becomes 30â€¦ etc.. good to extend shooting in evening or morning, but not dark enough for mid day long exposures. (Need a 3.0 for that)","Perfect fit, good to extend your shutter times",4.0 out of 5 stars,Verified Purchase
One person found this helpful,Snowy,"Reviewed in the United States on July 15, 2013","The discount is so nice,which is the most important reason for me to buy it.And the quality is also good.",Good,5.0 out of 5 stars,Verified Purchase
4 people found this helpful,Sameer Pai,"Reviewed in the United States on March 12, 2012","I bought this product last year to use in long exposure photography during daylight hours. My negative review of this product is not in relation to the amount of light it reduces, it does that just fine and as advertised, but more in the quality of images that can be taken with this filter over the lens. To put it bluntly, it sucks. The clarity goes WAY down and the contrast goes way down.On the plus side, it does fit my 67mm lens perfectly and comes with a nice case with which to carry it in. That said, the nice case it came with is where it will stay from now until the end of time.If you are after taking some nice long exposure shots in the day, look elsewhere. If you are a soccer mom dSLR owner, then this is your ND filter.",Ok at the very best.,3.0 out of 5 stars,Verified Purchase
43 people found this helpful,Ang Zhen Wei,"Reviewed in the United States on March 17, 2015",Did what it's told. Hoya offers better performance.,Hoya offers better performance.,4.0 out of 5 stars,Verified Purchase
4 people found this helpful,LSMNC,"Reviewed in the United States on May 27, 2012","While not the strongest Nd filter out there, it offers (for my needs) the perfect amount of power. I'm very big on landscape and waterscape photography and this allows me to take the photos I want in just about all of the conditions imaginable. Some have stated that they can't get wispy waterfalls during the day and please allow me to correct them, yes you can and I will upload photo examples if someone would like to see them. I've shot with this filter in all conditions, ranging from full sun to cloudy skys and it's terrific! Again, you do not have to wait for sunset!The Filter is high quality, easy to screw on and off and it drastically cuts down the light passing through your lens allowing you to take some beautiful shots.",Perfect for my uses...maybe for yours as well,5.0 out of 5 stars,Verified Purchase
3 people found this helpful,Don,"Reviewed in the United States on June 5, 2016",I needed this for some film work I was doing. I've had it a few years now and no complaints. The good thing is they last and deliver. The great thing is they are cheap and they deliver!,The good thing is they last and deliver,5.0 out of 5 stars,Verified Purchase
47 people found this helpful,Nora Lehning,"Reviewed in the United States on May 26, 2013",I use it with the Carry Speed Magfilter adapter on RX100. Nothing else to say not used a lot yet.,I use it for bright light,4.0 out of 5 stars,Verified Purchase
2 people found this helpful,Kenji Yamamoto,"Reviewed in the United States on November 12, 2012","Excellent for making creative photos, explore and enjoy other times light photograph of a slightly differently. you will not regret it.",Nice,3.0 out of 5 stars,Verified Purchase
3 people found this helpful,Robyn Spivey,"Reviewed in the United States on January 1, 2013",I've been wanting to add this to my bag for some time now.I am hoping it will help when I try to capture slow shutter waterfall shots.,to the mountains I go,5.0 out of 5 stars,Verified Purchase
4 people found this helpful,photogirl5,"Reviewed in the United States on August 29, 2013","First off, this is a Tiffen. Not the best brand out there, but good for price. It's my own fault for not knowing enough, but I thought that this would slow it down more than just three stops. My goal was to take some late daytime pictures of moving water, and this just did not cut it, at all. This may work okay, but honestly I just wished that I had the Tiffen circular polarizer instead of this, because I can't think of a use for it that I would not use a circular polarizer for. I'm probably going to buy the B+W ND 3-1000x for my goal.",Not as dark as I wished,3.0 out of 5 stars,Verified Purchase
2 people found this helpful,Degenerate99,"Reviewed in the United States on November 30, 2014","Quality optics, good filter.",Worth the money,5.0 out of 5 stars,Verified Purchase
9 people found this helpful,Regina Amidon,"Reviewed in the United States on January 1, 2015","Bought as a gift, no complaints",Four Stars,4.0 out of 5 stars,Verified Purchase
One person found this helpful,Joseph C. Baker,"Reviewed in the United States on September 21, 2014","The quality of this filter is decent. I bought it after having no luck finding a variable nd filter at this thread size. It's limiting, but it does as described.",decent nd filter,3.0 out of 5 stars,Verified Purchase
3 people found this helpful,Summer E. Simmons,"Reviewed in the United States on August 21, 2010","I think I just had bad luck, but my filter arrived with very loose glass that rattled when you shook it. It was close to falling out so I had to return it. Sounds like this is not common from the other reviews, however.",Loose Glass,2.0 out of 5 stars,Verified Purchase
One person found this helpful,E. Sickels,"Reviewed in the United States on January 5, 2016",ok,ok,3.0 out of 5 stars,Verified Purchase
One person found this helpful,steven s,"Reviewed in the United States on March 7, 2016",Work well,Three Stars,3.0 out of 5 stars,Verified Purchase
One person found this helpful,Amazon Customer,"Reviewed in the United States on July 29, 2017","Worked well the whopping two times I used it. It sat for a few weeks until now when I was about to put it back in my bag, I noticed the glass is completely deattached. All it does is rattle and move around now inside the ring.If you're thinking about getting this, change your mind and get the Polaroid variable ND instead.",Expected more out of Tiffen.,1.0 out of 5 stars,Verified Purchase
3 people found this helpful,Ala,"Reviewed in the United States on April 2, 2015",Great and arrived on time,Great and arrived on time,5.0 out of 5 stars,Verified Purchase
One person found this helpful,J.J.,"Reviewed in the United States on January 1, 2007",Tiffen puts out a great product and this lens is no excepition. Does a wonderful job of bringing wide f stop images within range of the cameras chip and allowing you to get shots you could not get otherwise. Don't even think about another lens it is a keeper,It's a Tiffen product - what else needs to be said,5.0 out of 5 stars,Verified Purchase
7 people found this helpful,Drew,"Reviewed in the United States on April 24, 2012",A good value for an ND filter. Can always count on Tiffen to produce a basic item in size you need.,A good ND filter,5.0 out of 5 stars,Verified Purchase
2 people found this helpful,MattP,"Reviewed in the United States on April 27, 2017",Lens is loose and rattles. Is audible when recording video,Loose lens is very loud,2.0 out of 5 stars,Verified Purchase
2 people found this helpful,Heung Wah Li,"Reviewed in the United States on September 12, 2015",Good filter!,Five Stars,5.0 out of 5 stars,Verified Purchase
3 people found this helpful,K. Ferguson,"Reviewed in the United States on May 12, 2007",But I haven't used it as much as I'd immagined I would - much less since I got a d-slr,Quite good,4.0 out of 5 stars,Verified Purchase
3 people found this helpful,Oscar,"Reviewed in the United States on April 14, 2015",excelent like always!,Five Stars,5.0 out of 5 stars,Verified Purchase
One person found this helpful,Sig,"Reviewed in the United States on November 7, 2009","At this price point, you get what you pay for and this filter does its job. If you have spent good money on your glass, though, go ahead and spend good money on a filter and get a higher quality one.",It works,4.0 out of 5 stars,Verified Purchase
One person found this helpful,Doug The Amazon Addict,"Reviewed in the United States on August 13, 2013","Not really that dark, should have put the money towards something alot darker. Research alot more before you make this purchase.",Not as dark as I would have hoped,3.0 out of 5 stars,Verified Purchase
One person found this helpful,Abhishek Thakkar,"Reviewed in the United States on February 8, 2013","I was looking for a ND 10, or in Tiffen terms, a 3.0.I thought 9 was as good at 10, dint see the 0. in front of it, was too excited reading tutorials.It works at a 0.9 filter. though I dint find the 0.9 great in a tropical climate. I need moar!","Its ok, I got confused",3.0 out of 5 stars,Verified Purchase
3 people found this helpful,ksuwildkat,"Reviewed in the United States on May 27, 2009","I ordered three ND filters at the same time. Two arrived in perfect condition, this one was clearly used. It had been very badly ""cleaned"" and was rattling around in the hard plastic package. I have no idea how well it works because I sent it back to Amazon immediately. When I get a replacement, I will post a review on the product rather than the condition of the product. I have been ordering from Amazon for years and this is the first time I have ever received anything that was in anything but pristine condition. Considering this was the most important of the three filters I bought, I am very disappointed.Amazon sent me a new filter and an RMA.Basic ND filter. I have stacked it with other ND filters to get even the brightest day dark enough for long exposures.Not much else to say other than the customer service is why I buy from Amazon.",Good customer service,4.0 out of 5 stars,Verified Purchase
One person found this helpful,"Robert D. Hayes, D.O.","Reviewed in the United States on September 4, 2011","Not sure why I chose this one, now that a variable filter is available, but it will still likely get some use. I can't carry my camera bag as it is.",Filter,3.0 out of 5 stars,Verified Purchase
3 people found this helpful,Jason M MacLean,"Reviewed in the United States on March 25, 2014","I got this filter and put it on my Canon 70-200 2.8L lens assuming this was a 9 stop ND Filter, turns out this is only a 3 stop filter and does not really make much of a difference at all.",3 Stop not 9,3.0 out of 5 stars,Verified Purchase
2 people found this helpful,Sizhu,"Reviewed in the United States on April 10, 2016","Will not buy this anymore. It have a mysterious blurring effect... Also, it makes the photo grey for some reason. Exposure and shutter speed have nothing to do with this.Try something else.",Will not buy this anymore. It have a mysterious ...,1.0 out of 5 stars,Verified Purchase
One person found this helpful,james hannan,"Reviewed in the United States on December 21, 2011","my son bought this to use on his nikon D-60. he said the shots had a orange cast to them, but i'm not sure what his wb and other settings were at.",tiffen nd filter,3.0 out of 5 stars,Verified Purchase
4 people found this helpful,D. S. Poteet,"Reviewed in the United States on December 7, 2014",Not dark enough,Two Stars,2.0 out of 5 stars,Verified Purchase
3 people found this helpful,Herbert I. Sawtell,"Reviewed in the United States on August 1, 2013",Now that you want so many words I must get unnecessarily wordy. Good filter that I did not ever use.,Good filter,3.0 out of 5 stars,Verified Purchase
One person found this helpful,Judy Tivitt,"Reviewed in the United States on August 9, 2017",It is the right size but how do I attach to my camera lens---duct tape?,How to attach lens,2.0 out of 5 stars,Verified Purchase
162 people found this helpful,student84,"Reviewed in the United States on September 9, 2013","Although labeled as ""new"" the filter was allready used. It came badly scratched & with fingerprints. Couldn't return it, cause when I unpacked it, I was allready shooting outside the US.",filter arrived scratched,1.0 out of 5 stars,Verified Purchase
5 people found this helpful,Eric,"Reviewed in the United States on August 8, 2013",I need one ND filter so I choose it on amazon. But this one should be second hand! Some paint was miss on it! bad luck...,It should be second hand one!,1.0 out of 5 stars,Verified Purchase
3 people found this helpful,Ben209,"Reviewed in the United States on July 9, 2013","Someone told me (A film student of all things) that these filters would not fit on any prime lens. They were sadly mistaken. This worked out great on my Rokinon 35mm T1.5 lens. If you are in need of a ND filter for this type of lens you will not be disappointed in this. Works great, fast shipping, and no problems with the filter so far.11/13/2013Purchased a 72mm ND filter also from Tiffen. Again works great! I can't really speak to so called ""Higher End"" ND Filters as I have never seen the need to spend extra money. This does exactly what I need it to do. Bought the 72mm for the 85mm Rokinon T1.5.",Works Great!,5.0 out of 5 stars,Verified Purchase
6 people found this helpful,Stanley Moyer,"Reviewed in the United States on July 28, 2013",Filter work as promised a perform at an above average quality. There is however a slight violet hue only when multiple filters are stacked and there is a slight degration in image quality. For the price they perform very well and meet all my needs.,Good for the price,4.0 out of 5 stars,Verified Purchase
One person found this helpful,ET,"Reviewed in the United States on August 14, 2014",ok,Four Stars,4.0 out of 5 stars,Verified Purchase
One person found this helpful,Dabidosan,"Reviewed in the United States on April 27, 2008",Used with aÂ ,Works well on my Canon 17-55mm f/2.8 IS lens,4.0 out of 5 stars,Verified Purchase
One person found this helpful,Katherine Hendrix,"Reviewed in the United States on November 15, 2014",", and works pretty well. Best conditions would likely be early morning or early evening as afternoon sunshine, even with clouds, is too much light for this filter to lessen.",Disappointed,1.0 out of 5 stars,Verified Purchase
One person found this helpful,Carlos Fernando Bedoya,"Reviewed in the United States on November 2, 2019",Very upset this filter didn't fit my lens.,Buen precio,5.0 out of 5 stars,Verified Purchase
